"mean","std","t","right_p","left_p","both_p","num_perms"
0.21673089699212825,0.31645396698507006,21.657597797116445,6.974932485686478e-86,1.0,1.3949864971372957e-85,1000
