"mean","std","t","right_p","left_p","both_p","num_randomizations"
0.1992789125976757,0.3006611042786068,20.959653393221313,1.9663407051513798e-81,1.0,3.9326814103027597e-81,1000
