"mean","std","t","right_p","left_p","both_p","num_perms"
0.48944457307240263,0.23396970845291004,66.15213779389818,0.0,1.0,0.0,1000
