"mean","std","right_tail_p","num_perms"
0.21672575632761104,0.31646089074319567,7.077405742611394e-86,1000
