"mean","std","t","right_p","left_p","both_p","num_randomizations"
0.36480888099378544,0.3383920195207418,34.09143561457308,6.848142229142873e-170,1.0,1.3696284458285746e-169,1000
