"mean","std","t","right_p","left_p","both_p","num_perms"
0.49496034803885003,0.2208810381375149,70.86176633677204,0.0,1.0,0.0,1000
