"mean","std","t","right_p","left_p","both_p","num_randomizations"
0.20373148052820717,0.33308263521529763,19.34221245520486,2.396615482411358e-71,1.0,4.793230964822716e-71,1000
