"mean","std","t","right_p","left_p","both_p","num_perms"
0.48944912372042565,0.23395581397887932,66.15668161466671,0.0,1.0,0.0,1000
