"mean","std","t","right_p","left_p","both_p","num_randomizations"
0.2037320742164422,0.3330802464958199,19.342407534891347,2.3900278779258597e-71,1.0,4.780055755851719e-71,1000
