"mean","std","t","right_tail_p","left_tail_p","two_tail_p","num_perms"
0.21673797520994154,0.31645482029556193,21.658246712007443,6.908404515590991e-86,1.0,1.3816809031181983e-85,1000
