"mean","std","t","right_p","left_p","both_p","num_perms"
0.4968180596558266,0.22110201076564034,71.05664239675788,0.0,1.0,0.0,1000
