"mean","std","t","right_p","left_p","both_p","num_randomizations"
0.450171794999607,0.22052614096136447,64.55326358858116,0.0,1.0,0.0,1000
