"mean","std","t","right_p","left_p","both_p","num_perms"
0.4949577514920618,0.22086131054245656,70.8677240222044,0.0,1.0,0.0,1000
