"mean","std","t","right_p","left_p","both_p","num_perms"
0.21673023141187076,0.31646384130183064,21.65685552755494,7.051816373733617e-86,1.0,1.4103632747467235e-85,1000
