"mean","std","right_tail_p","num_perms"
0.2167358135417602,0.3164570099770749,6.945836021007609e-86,1000
