"mean","std","t","right_p","left_p","both_p","num_perms"
0.49681532078390106,0.22110771155978698,71.0544186388318,0.0,1.0,0.0,1000
