"mean","std","t","right_p","left_p","both_p","num_perms"
0.48945315733267264,0.23395901132874583,66.15632269693293,0.0,1.0,0.0,1000
