"mean","std","t","right_p","left_p","both_p","num_randomizations"
0.3647959840825246,0.3383598442772285,34.09347209765646,6.631681351599771e-170,1.0,1.3263362703199542e-169,1000
