"mean","std","t","right_p","left_p","both_p","num_perms"
0.49681229201423044,0.22110286053876058,71.05554439709454,0.0,1.0,0.0,1000
