"mean","std","t","right_p","left_p","both_p","num_perms"
0.49496195974219426,0.22086149573264274,70.86826713428655,0.0,1.0,0.0,1000
