"mean","std","t","right_p","left_p","both_p","num_perms"
0.17158821516933762,0.37034996577137713,14.651265822260742,1.7854986206592986e-44,1.0,3.570997241318597e-44,1000
