"mean","std","t","right_p","left_p","both_p","num_perms"
0.4529506471882775,0.21458877136915414,66.74886591797654,0.0,1.0,0.0,1000
