"mean","std","t","right_p","left_p","both_p","num_perms"
0.4542259344884846,0.2143344757536045,67.0162147387474,0.0,1.0,0.0,1000
