"mean","std","t","right_p","left_p","both_p","num_perms"
0.17157033591522025,0.3703647054367454,14.649156154674362,1.831721327209125e-44,1.0,3.66344265441825e-44,1000
