"mean","std","t","right_p","left_p","both_p","num_perms"
0.47192318041955855,0.21370653586685245,69.83184321915992,0.0,1.0,0.0,1000
