"mean","std","t","right_tail_p","left_tail_p","two_tail_p","num_perms"
0.1715740232751804,0.37035951144632046,14.649676438698707,1.820212343197841e-44,1.0,3.640424686395682e-44,1000
