"real_mean","perm_mean","real_std","perm_std","real_vs_perm_right_p","real_vs_perm_both_p","real_vs_perm_left_p","real_vs_perm_t"
0.12087091636906235,-0.6219995385350172,0.378652763454384,0.7333889536580638,7.710642765049011e-130,1.5421285530098023e-129,1.0,28.252680077261815
