"real_mean","perm_mean","real_std","perm_std","real_vs_perm_right_p","real_vs_perm_both_p","real_vs_perm_left_p","real_vs_perm_t"
0.3758504925151915,-1.517173185790438,0.27926189906699206,1.7692264513403724,2.9602399464933063e-165,5.920479892986613e-165,1.0,33.415123670105935
