"real_mean","perm_mean","real_std","perm_std","real_vs_perm_right_p","real_vs_perm_both_p","real_vs_perm_left_p","real_vs_perm_t"
0.38806064368711335,-5.974244999458989,0.3529566302780988,8.083565090555112,2.411638088822989e-107,4.823276177645978e-107,1.0,24.92831373948826
