"real_mean","perm_mean","real_std","perm_std","real_vs_perm_right_p","real_vs_perm_both_p","real_vs_perm_left_p","real_vs_perm_t"
0.19568134734242978,-0.6407234957739864,0.3321405858897507,0.721515169542102,3.0241321200874413e-162,6.048264240174883e-162,1.0,32.976535066068585
