"real_mean","perm_mean","real_std","perm_std","real_vs_perm_right_p","real_vs_perm_both_p","real_vs_perm_left_p","real_vs_perm_t"
0.060664236154040194,-0.6018038629003889,0.3526439962840342,0.699376428075155,8.255865628623642e-119,1.6511731257247285e-118,1.0,26.631459412399156
