"real_mean","perm_mean","real_std","perm_std","real_vs_perm_right_p","real_vs_perm_both_p","real_vs_perm_left_p","real_vs_perm_t"
0.13026702645571175,-0.7120874156620112,0.355644349645936,0.8848274152182908,3.865893004628216e-125,7.731786009256432e-125,1.0,27.56341236923113
