"real_mean","perm_mean","real_std","perm_std","real_vs_perm_right_p","real_vs_perm_both_p","real_vs_perm_left_p","real_vs_perm_t"
0.45482012000436944,-4.405760545715768,0.30244847713367856,5.332384683220407,2.239837538413319e-136,4.479675076826638e-136,1.0,29.2083436037827
