"real_mean","perm_mean","real_std","perm_std","real_vs_perm_right_p","real_vs_perm_both_p","real_vs_perm_left_p","real_vs_perm_t"
0.4169513344192903,-2.554284334142122,0.30161629460474537,2.891215660615449,8.343932035755818e-158,1.6687864071511635e-157,1.0,32.329760851805844
