"real_mean","perm_mean","real_std","perm_std","real_vs_perm_right_p","real_vs_perm_both_p","real_vs_perm_left_p","real_vs_perm_t"
0.35716427132710643,-1.2060692639069759,0.31680829809366917,1.516527436748909,9.493019573931038e-154,1.8986039147862076e-153,1.0,31.739303706564403
