"real_mean","perm_mean","real_std","perm_std","real_vs_perm_right_p","real_vs_perm_both_p","real_vs_perm_left_p","real_vs_perm_t"
0.25941551018137954,-3.4929641422752096,0.5053005195080272,5.324431278788472,1.2206796539654509e-88,2.4413593079309017e-88,1.0,22.085939241616504
